,인기도,title,CLAC2_NM,PD_BRA_NM,최신성,관심도1,관심도2
0,29.18366857142857,겐조남성가방,남성가방,겐조,6.4,-48,-3
1,34.8051896969697,몽블랑남성가방,남성가방,몽블랑,16.0,-88,-2
2,0.8067381818181818,몽블랑남성가방,남성가방,몽블랑,16.0,-88,-2
3,12.521002941176471,발렌시아가남성가방,남성가방,발렌시아가,21.299999999999997,-2,12
4,11.538456923076923,발렌티노남성가방,남성가방,발렌티노,5.5,-33,1
5,12.539677777777777,생로랑남성가방,남성가방,생로랑,5.0,94,9
6,0.6736290625,지방시남성가방,남성가방,지방시,27.900000000000006,-12,9
7,0.5297975,폴스미스남성가방,남성가방,폴스미스,2.9000000000000004,-6,0
8,27.55413891891892,프라다남성가방,남성가방,프라다,108.9,309,97
9,57.918378108108115,닥스남성가방,남성가방,닥스,27.099999999999998,-76,-3
10,31.785115405405406,닥스남성가방,남성가방,닥스,27.099999999999998,-76,-3
11,1.1920485294117649,레노마남성가방,남성가방,레노마,21.0,-98,3
12,13.367634054054054,루이까또즈남성가방,남성가방,루이까또즈,41.59999999999999,-1,36
13,0.37747800000000004,메트로시티남성가방,남성가방,메트로시티,3.0,64,12
14,7.209588648648648,보테가베네타남성가방,남성가방,보테가베네타,13.200000000000001,-39,8
15,,에스티듀퐁남성가방,남성가방,에스티듀퐁,2.4,0,-2
16,0.7435227272727272,질스튜어트남성가방,남성가방,질스튜어트,51.800000000000004,-66,23
17,46.312863513513506,코치남성가방,남성가방,코치,12.4,131,36
18,0.5504925,톰브라운남성가방,남성가방,톰브라운,8.8,-13,10
19,22.41721324324324,투미남성가방,남성가방,투미,49.3,-94,0
20,0.4275804347826088,멀버리남성가방,남성가방,멀버리,0.7,-2,0
21,0.23178333333333337,에트로남성가방,남성가방,에트로,3.5,21,1
22,0.16556,엠포리오아르마니남성가방,남성가방,엠포리오아르마니,1.0,-7,2
23,1.7972719444444445,캘빈클라인남성가방,남성가방,캘빈클라인,58.300000000000026,-92,45
24,0.16556,토리버치남성가방,남성가방,토리버치,45.300000000000004,192,50
25,,피에르아르디남성가방,남성가방,피에르아르디,13.600000000000001,0,3
26,,알렉산더맥퀸남성가방,남성가방,알렉산더맥퀸,0.7,23,1
27,4.320268055555555,게스남성의류상의,남성의류상의,게스,10959.100000000006,32184,11598
28,8.23157625,꼼데가르송남성의류상의,남성의류상의,꼼데가르송,13.000000000000002,29,9
29,0.32138176470588237,몽클레어남성의류상의,남성의류상의,몽클레어,21.100000000000005,-123,25
30,0.16556,스톤아일랜드남성의류상의,남성의류상의,스톤아일랜드,93.50000000000001,295,188
31,0.15748333333333334,톰브라운남성의류상의,남성의류상의,톰브라운,27.299999999999997,109,18
32,33.7570127027027,닥스남성의류상의,남성의류상의,닥스,2022.7999999999975,8769,1773
33,3.070387027027027,닥스남성의류상의,남성의류상의,닥스,2022.7999999999975,8769,1773
34,0.28334037037037035,레노마남성의류상의,남성의류상의,레노마,6183.700000000002,24341,3392
35,0.10903,루이까또즈남성의류상의,남성의류상의,루이까또즈,4549.399999999996,12387,2766
36,0.78593,캘빈클라인남성의류상의,남성의류상의,캘빈클라인,5.8,174,25
37,0.10903,골든구스남성의류상의,남성의류상의,골든구스,8.299999999999999,123,21
38,0.136285,프라다남성의류상의,남성의류상의,프라다,0.8,15,4
39,0.109026,아가타남성의류상의,남성의류상의,아가타,75.29999999999998,648,140
40,0.15990700000000002,겐조남성의류상의,남성의류상의,겐조,86.9,189,115
41,,닐바렛남성의류상의,남성의류상의,닐바렛,15.199999999999996,-125,-5
42,,디스퀘어드2남성의류상의,남성의류상의,디스퀘어드2,2.7,-8,4
43,0.1272,발망남성의류상의,남성의류상의,발망,8.4,-76,10
44,,에스티듀퐁남성의류상의,남성의류상의,에스티듀퐁,1378.2999999999997,1824,1016
45,0.18625999999999998,지방시남성의류상의,남성의류상의,지방시,4.2,80,4
46,0.10903,폴스미스남성의류상의,남성의류상의,폴스미스,19.900000000000002,-92,14
47,,마이클코어스남성의류상의,남성의류상의,마이클코어스,0.7,20,3
48,,무스너클남성의류상의,남성의류상의,무스너클,0.9,-6,0
49,0.10903,발렌시아가남성의류상의,남성의류상의,발렌시아가,0.9,-3,-1
50,0.09085,생로랑남성의류상의,남성의류상의,생로랑,0.5,10,0
51,,알렉산더맥퀸남성의류상의,남성의류상의,알렉산더맥퀸,1.5,-8,2
52,0.01239,에트로남성의류상의,남성의류상의,에트로,2.5,17,6
53,0.22180566666666662,게스남성의류아우터,남성의류아우터,게스,323.5,-161,313
54,5.607671891891891,몽클레어남성의류아우터,남성의류아우터,몽클레어,12.7,93,10
55,0.6803024000000001,레노마남성의류아우터,남성의류아우터,레노마,8.1,42,11
56,0.01115,겐조남성의류아우터,남성의류아우터,겐조,0.5,-4,1
57,0.01776,마이클코어스남성의류아우터,남성의류아우터,마이클코어스,0.6,-9,0
58,0.018529999999999998,스톤아일랜드남성의류아우터,남성의류아우터,스톤아일랜드,8.700000000000001,18,4
59,0.015419999999999998,아크네남성의류아우터,남성의류아우터,아크네,2.0,-18,-1
60,0.012390833333333335,톰브라운남성의류아우터,남성의류아우터,톰브라운,2.7,7,-2
61,0.00826,골든구스남성의류아우터,남성의류아우터,골든구스,0.7,-15,-1
62,0.00826,알렉산더맥퀸남성의류아우터,남성의류아우터,알렉산더맥퀸,0.6,-15,-1
63,0.00826,디스퀘어드2남성의류아우터,남성의류아우터,디스퀘어드2,1.0,-16,-1
64,,겐조남성의류하의,남성의류하의,겐조,1.5,3,6
65,,골든구스남성의류하의,남성의류하의,골든구스,4.1,-32,-1
66,0.18694214285714286,디스퀘어드2남성의류하의,남성의류하의,디스퀘어드2,12.499999999999998,-28,16
67,0.41849299999999995,발망남성의류하의,남성의류하의,발망,2.9000000000000004,18,3
68,,스톤아일랜드남성의류하의,남성의류하의,스톤아일랜드,22.0,61,25
69,0.00826,엠포리오아르마니남성의류하의,남성의류하의,엠포리오아르마니,1.0,2,0
70,,톰브라운남성의류하의,남성의류하의,톰브라운,1.7,-28,-2
71,,폴스미스남성의류하의,남성의류하의,폴스미스,10.0,83,33
72,1.3477727027027027,게스남성의류하의,남성의류하의,게스,3147.299999999999,4660,3784
73,,릭오웬스남성의류하의,남성의류하의,릭오웬스,0.5,13,3
74,0.13177459459459462,캘빈클라인남성의류하의,남성의류하의,캘빈클라인,4.6000000000000005,-16,2
75,,프라다남성의류하의,남성의류하의,프라다,1.0,-8,-1
76,,비너스남성의류하의,남성의류하의,비너스,58.3,348,93
77,0.00826,꼼데가르송남성지갑,남성지갑,꼼데가르송,1.6,10,1
78,18.212035675675676,닥스남성지갑,남성지갑,닥스,179.99999999999997,781,131
79,43.157915405405404,닥스남성지갑,남성지갑,닥스,179.99999999999997,781,131
80,5.23471081081081,루이까또즈남성지갑,남성지갑,루이까또즈,593.3000000000001,528,332
81,4.692117837837837,메트로시티남성지갑,남성지갑,메트로시티,55.49999999999999,-5,50
82,6.200300540540541,몽블랑남성지갑,남성지갑,몽블랑,420.8999999999999,1544,439
83,,미우미우남성지갑,남성지갑,미우미우,3.2,29,4
84,0.14987,발렌티노남성지갑,남성지갑,발렌티노,84.90000000000002,-242,45
85,1.5596458333333334,비비안웨스트우드남성지갑,남성지갑,비비안웨스트우드,36.1,-78,10
86,0.11809212121212119,생로랑남성지갑,남성지갑,생로랑,41.900000000000006,-74,34
87,0.05604655172413793,에트로남성지갑,남성지갑,에트로,11.0,50,16
88,0.08008758620689656,입생로랑남성지갑,남성지갑,입생로랑,1.8,4,6
89,0.11858722222222223,질스튜어트남성지갑,남성지갑,질스튜어트,28.1,-75,23
90,0.05510964285714286,캘빈클라인남성지갑,남성지갑,캘빈클라인,41.30000000000001,-85,13
91,3.812530270270269,코치남성지갑,남성지갑,코치,55.099999999999994,277,38
92,0.03545421052631579,토리버치남성지갑,남성지갑,토리버치,43.2,267,64
93,0.039162916666666665,톰브라운남성지갑,남성지갑,톰브라운,16.4,-6,14
94,1.5149288888888888,폴스미스남성지갑,남성지갑,폴스미스,84.19999999999997,406,64
95,13.992417837837836,프라다남성지갑,남성지갑,프라다,594.3000000000004,1487,514
96,0.13146933333333333,게스남성지갑,남성지갑,게스,50.1,121,29
97,,골든구스남성지갑,남성지갑,골든구스,1.0,45,-1
98,0.031609285714285715,레노마남성지갑,남성지갑,레노마,11.299999999999997,-10,6
99,0.15453090909090908,발렌시아가남성지갑,남성지갑,발렌시아가,21.599999999999998,145,42
100,2.7008975675675675,보테가베네타남성지갑,남성지갑,보테가베네타,73.80000000000001,-319,15
101,0.02219,알렉산더맥퀸남성지갑,남성지갑,알렉산더맥퀸,2.9,24,1
102,,에스티듀퐁남성지갑,남성지갑,에스티듀퐁,1.7999999999999998,9,0
103,0.20038783783783784,지방시남성지갑,남성지갑,지방시,27.400000000000006,1,22
104,0.052804482758620694,투미남성지갑,남성지갑,투미,2.1,7,6
105,,피에르아르디남성지갑,남성지갑,피에르아르디,2.0,38,4
106,0.025455,휴고보스남성지갑,남성지갑,휴고보스,1.7999999999999998,-40,-2
107,,끌로에남성지갑,남성지갑,끌로에,2.6,29,-2
108,0.05981590909090908,멀버리남성지갑,남성지갑,멀버리,1.4,-3,-2
109,0.0235,톰포드남성지갑,남성지갑,톰포드,4.6,-21,-1
110,,SK-II남성케어,남성케어,SK-II,74.79999999999998,-142,32
111,,닥터자르트남성케어,남성케어,닥터자르트,78.39999999999998,-447,-10
112,,랩시리즈남성케어,남성케어,랩시리즈,1614.5000000000016,-3754,1931
113,,비오템남성케어,남성케어,비오템,2420.7,-8485,1485
114,,산심남성케어,남성케어,산심,3.8,-35,3
115,,설화수남성케어,남성케어,설화수,212.5,195,151
116,,숨37˚남성케어,남성케어,숨37˚,38.4,-291,2
117,,아모레퍼시픽남성케어,남성케어,아모레퍼시픽,0.5,-14,-1
118,,오휘남성케어,남성케어,오휘,142.6,280,134
119,,크리니크남성케어,남성케어,크리니크,116.49999999999999,-329,23
120,,클라란스남성케어,남성케어,클라란스,132.60000000000002,-459,-16
121,,프리메라남성케어,남성케어,프리메라,249.69999999999993,-515,157
122,,헤라남성케어,남성케어,헤라,1150.3,135,602
123,,VT코스메틱남성케어,남성케어,VT코스메틱,2.5,-4,1
124,,리엔케이남성케어,남성케어,리엔케이,4.3,25,7
125,,시슬리남성케어,남성케어,시슬리,1.3,-25,-2
126,,오리진스남성케어,남성케어,오리진스,7.7,35,6
127,,키엘남성케어,남성케어,키엘,463.4,-1034,151
128,,톰포드남성케어,남성케어,톰포드,1.0,-1,0
129,,록시땅남성케어,남성케어,록시땅,46.60000000000001,-63,37
130,,리리코스남성케어,남성케어,리리코스,25.699999999999996,-117,-7
131,,불가리남성케어,남성케어,불가리,3.0999999999999996,26,5
132,,비디비치남성케어,남성케어,비디비치,22.0,-87,1
133,,빌리프남성케어,남성케어,빌리프,247.19999999999996,-355,79
134,,산타마리아노벨라남성케어,남성케어,산타마리아노벨라,6.0,-60,-5
135,,샤넬남성케어,남성케어,샤넬,54.199999999999996,-175,-6
136,0.0235,시세이도남성케어,남성케어,시세이도,20.0,-141,1
137,,쌍빠남성케어,남성케어,쌍빠,1.9,39,6
138,,아베다남성케어,남성케어,아베다,3.3,10,1
139,,아쿠아디파르마남성케어,남성케어,아쿠아디파르마,2.6,6,3
140,,이솝남성케어,남성케어,이솝,2.6,-8,-1
141,,조르지오아르마니남성케어,남성케어,조르지오아르마니,42.1,-92,-14
142,,캘빈클라인남성케어,남성케어,캘빈클라인,210.49999999999997,-562,215
143,,페라가모남성케어,남성케어,페라가모,13.4,-14,1
144,,후남성케어,남성케어,후,12.3,2,9
145,,아이뽀남성케어,남성케어,아이뽀,1.4,8,4
146,,에스티로더남성케어,남성케어,에스티로더,10.4,-38,3
147,0.10307909090909093,겐조남성화,남성화,겐조,9.399999999999999,-21,8
148,1.9958729729729732,닥스남성화,남성화,닥스,136.1,628,132
149,1.8774167567567568,레노마남성화,남성화,레노마,350.20000000000005,634,158
150,0.05924,마르니남성화,남성화,마르니,0.7,74,8
151,,에스티듀퐁남성화,남성화,에스티듀퐁,23.900000000000006,-24,32
152,0.9603535135135135,프라다남성화,남성화,프라다,10.2,54,10
153,0.021539999999999997,닐바렛남성화,남성화,닐바렛,2.3,36,1
154,0.0437325,몽클레어남성화,남성화,몽클레어,5.4,-57,1
155,0.020233333333333332,발렌시아가남성화,남성화,발렌시아가,6.7,-40,-3
156,0.25760885714285714,발렌티노남성화,남성화,발렌티노,173.89999999999992,175,135
157,0.037204999999999995,지방시남성화,남성화,지방시,27.200000000000003,-44,21
158,0.025175714285714284,폴스미스남성화,남성화,폴스미스,8.3,17,9
159,0.021146,게스남성화,남성화,게스,6.3999999999999995,47,17
160,1.4975202777777779,골든구스남성화,남성화,골든구스,491.00000000000034,-242,351
161,0.99095,꼼데가르송남성화,남성화,꼼데가르송,1.0,-8,-1
162,0.01958,디스퀘어드2남성화,남성화,디스퀘어드2,0.6,-3,-1
163,0.030286666666666667,랑방남성화,남성화,랑방,4.5,-24,6
164,,릭오웬스남성화,남성화,릭오웬스,1.4,-2,-1
165,0.028920769230769226,보테가베네타남성화,남성화,보테가베네타,1.0,-8,-1
166,0.034178181818181816,생로랑남성화,남성화,생로랑,5.3999999999999995,-5,0
167,0.0235,아크네남성화,남성화,아크네,1.0,-10,0
168,0.027971428571428574,알렉산더맥퀸남성화,남성화,알렉산더맥퀸,63.60000000000001,-361,-2
169,0.02154,엘르남성화,남성화,엘르,5.6,16,3
170,0.02741,질스튜어트남성화,남성화,질스튜어트,2.4,-31,-1
171,0.0234975,캘빈클라인남성화,남성화,캘빈클라인,1.7999999999999998,42,7
172,,커먼프로젝트남성화,남성화,커먼프로젝트,21.6,29,11
173,0.02219,톰브라운남성화,남성화,톰브라운,1.3,16,-2
174,,피에르아르디남성화,남성화,피에르아르디,1.2,-14,-1
175,0.05409562500000001,필립모델남성화,남성화,필립모델,15.899999999999999,-95,-1
176,,루이까또즈남성화,남성화,루이까또즈,2.7,1,-1
177,,SK-II메이크업,메이크업,SK-II,798.5999999999998,662,531
178,10.455540810810808,VDL메이크업,메이크업,VDL,1808.9999999999998,-1210,346
179,0.9537383333333334,VT코스메틱메이크업,메이크업,VT코스메틱,360.50000000000006,-122,40
180,1.9646440540540544,겔랑메이크업,메이크업,겔랑,1359.3000000000006,-2581,340
181,0.3516597297297298,끌레드뽀보떼메이크업,메이크업,끌레드뽀보떼,292.3,267,234
182,0.21576558823529413,닥터자르트메이크업,메이크업,닥터자르트,768.4000000000002,-2565,157
183,0.01958,달팡메이크업,메이크업,달팡,1.8,-25,-1
184,0.25402785714285714,데코르테메이크업,메이크업,데코르테,157.20000000000002,-411,0
185,0.5920866666666667,디어달리아메이크업,메이크업,디어달리아,176.20000000000005,-884,-92
186,0.02154,라메르메이크업,메이크업,라메르,65.19999999999999,40,43
187,,라프레리메이크업,메이크업,라프레리,84.80000000000001,-313,4
188,44.126002162162166,랑콤메이크업,메이크업,랑콤,4483.199999999998,-2698,1633
189,63.05373,랑콤메이크업,메이크업,랑콤,4483.199999999998,-2698,1633
190,51.54089864864866,랑콤메이크업,메이크업,랑콤,4483.199999999998,-2698,1633
191,,랩시리즈메이크업,메이크업,랩시리즈,14.7,-65,-1
192,10.695539189189189,로라메르시에메이크업,메이크업,로라메르시에,3528.0999999999963,-7765,427
193,0.17536500000000002,리리코스메이크업,메이크업,리리코스,109.79999999999998,-7,29
194,0.07905187500000001,리엔케이메이크업,메이크업,리엔케이,127.5,-239,64
195,29.191731351351347,메이크업포에버메이크업,메이크업,메이크업포에버,6455.700000000006,-22088,371
196,18.794771351351347,바닐라코메이크업,메이크업,바닐라코,745.6000000000001,-1169,215
197,68.57467756756756,바비브라운메이크업,메이크업,바비브라운,6513.499999999997,-10660,864
198,58.250632162162155,바비브라운메이크업,메이크업,바비브라운,6513.499999999997,-10660,864
199,17.8809327027027,바비브라운메이크업,메이크업,바비브라운,6513.499999999997,-10660,864
200,50.337430810810815,베네피트메이크업,메이크업,베네피트,7099.600000000005,-15139,1562
201,2.7489413513513514,부르조아메이크업,메이크업,부르조아,491.9,1234,273
202,0.9331683783783783,비디비치메이크업,메이크업,비디비치,239.7,-248,105
203,0.025612000000000003,비오템메이크업,메이크업,비오템,109.5,173,59
204,0.03202,빌리프메이크업,메이크업,빌리프,66.9,-375,2
205,,산심메이크업,메이크업,산심,2.2,-29,-3
206,44.842009459459454,샤넬메이크업,메이크업,샤넬,4717.0,-7407,263
207,0.1175569696969697,설화수메이크업,메이크업,설화수,1590.8999999999987,-1233,692
208,0.06607666666666666,세르주루텐메이크업,메이크업,세르주루텐,18.7,-60,3
209,,숨37˚메이크업,메이크업,숨37˚,217.99999999999997,232,100
210,49.575510810810805,슈에무라메이크업,메이크업,슈에무라,5657.80000000002,-22766,6
211,17.939372702702702,스틸라메이크업,메이크업,스틸라,1366.7000000000005,-729,483
212,8.439109459459457,시세이도메이크업,메이크업,시세이도,1253.3999999999985,-997,414
213,1.2557662162162162,시슬리메이크업,메이크업,시슬리,170.7,246,111
214,0.03201833333333333,시에로코스메틱메이크업,메이크업,시에로코스메틱,7.699999999999999,-8,-1
215,,씨앤피알엑스메이크업,메이크업,씨앤피알엑스,2.0,-16,1
216,0.08478266666666666,아모레퍼시픽메이크업,메이크업,아모레퍼시픽,132.8,-298,81
217,5.967258378378378,안나수이메이크업,메이크업,안나수이,698.3999999999997,2287,426
218,3.008602702702702,어딕션메이크업,메이크업,어딕션,1036.2000000000012,-3013,-49
219,4.485828378378377,어반디케이메이크업,메이크업,어반디케이,5875.999999999993,-29798,2251
220,,에르보리앙메이크업,메이크업,에르보리앙,20.900000000000002,-133,-12
221,34.917291891891885,에스쁘아메이크업,메이크업,에스쁘아,1671.8000000000002,-3678,193
222,14.85519702702703,에스티로더메이크업,메이크업,에스티로더,7377.599999999997,-15366,1709
223,0.24338314285714283,엘리자베스아덴메이크업,메이크업,엘리자베스아덴,484.89999999999986,587,153
224,3.453051351351352,오휘메이크업,메이크업,오휘,224.80000000000004,206,125
225,16.097014864864867,입생로랑메이크업,메이크업,입생로랑,19876.400000000012,-47875,4855
226,0.3705670967741935,제이에스티나메이크업,메이크업,제이에스티나,56.8,-188,-5
227,1.3625978378378378,조르지오아르마니메이크업,메이크업,조르지오아르마니,14511.200000000017,-47334,2621
228,0.02287,주디스리버메이크업,메이크업,주디스리버,24.4,-57,5
229,51.94053027027027,크리니크메이크업,메이크업,크리니크,4329.600000000001,-16382,452
230,0.6476088888888888,클라란스메이크업,메이크업,클라란스,629.9000000000002,-2707,-18
231,11.033372162162163,톰포드메이크업,메이크업,톰포드,154.0,360,47
232,8.883872432432435,투쿨포스쿨메이크업,메이크업,투쿨포스쿨,539.0,841,271
233,0.06061249999999998,폴앤조메이크업,메이크업,폴앤조,345.6,-653,84
234,20.3908227027027,헤라메이크업,메이크업,헤라,5551.300000000001,-9033,1766
235,0.24146687499999997,후메이크업,메이크업,후,260.59999999999997,628,493
236,,꼬달리메이크업,메이크업,꼬달리,1.0,-1,2
237,,더사가오브수메이크업,메이크업,더사가오브수,22.1,245,61
238,0.8489232352941175,라비오뜨메이크업,메이크업,라비오뜨,5.5,-66,0
239,0.02744,록시땅메이크업,메이크업,록시땅,161.50000000000003,-368,37
240,,쌍빠메이크업,메이크업,쌍빠,15.600000000000001,-33,2
241,,아베다메이크업,메이크업,아베다,9.1,-21,4
242,,아쿠아디파르마메이크업,메이크업,아쿠아디파르마,1.1,-15,-2
243,,에어린메이크업,메이크업,에어린,1.2,-8,0
244,0.20209999999999997,질스튜어트메이크업,메이크업,질스튜어트,7.0,79,31
245,0.02897,키엘메이크업,메이크업,키엘,443.00000000000017,-1266,77
246,0.02287,프레쉬메이크업,메이크업,프레쉬,286.5999999999999,-718,79
247,0.5149337037037037,아가타메이크업,메이크업,아가타,3.8000000000000003,13,6
248,,이금희피부밥메이크업,메이크업,이금희피부밥,1.0,11,1
249,,츄파춥스뷰티메이크업,메이크업,츄파춥스뷰티,1.6,66,11
250,22.84647513513514,아가타모자,모자,아가타,264.40000000000003,583,293
251,5.774861351351352,프라다모자,모자,프라다,1.2,-1,-1
252,15.370457837837842,닥스모자,모자,닥스,154.8,121,50
253,20.745940000000004,레노마모자,모자,레노마,503.9000000000002,698,397
254,2.227022972972973,게스모자,모자,게스,79.8,70,38
255,8.77877135135135,겐조모자,모자,겐조,4.8999999999999995,79,19
256,2.6249232432432437,디스퀘어드2모자,모자,디스퀘어드2,1.9,8,2
257,4.602717297297297,몽클레어모자,모자,몽클레어,1.2,7,3
258,46.025850937499996,발렌시아가모자,모자,발렌시아가,5.6,-53,-1
259,22.9349478125,발렌시아가모자,모자,발렌시아가,5.6,-53,-1
260,0.4506773529411765,발렌티노모자,모자,발렌티노,1.0,18,2
261,6.937352702702703,스톤아일랜드모자,모자,스톤아일랜드,1.2,-1,0
262,1.12248,지방시모자,모자,지방시,0.9,-15,-1
263,0.20563108108108114,코치모자,모자,코치,0.5,-13,-1
264,0.06166277777777778,휴고보스모자,모자,휴고보스,1.0,-10,0
265,,꼬달리모자,모자,꼬달리,4.0,-3,0
266,,닥터자르트모자,모자,닥터자르트,17.2,-53,15
267,,달팡모자,모자,달팡,5.199999999999999,6,3
268,,데코르테모자,모자,데코르테,1.2,37,0
269,,라메르모자,모자,라메르,2.3,-35,-2
270,,랑콤모자,모자,랑콤,2.2,-17,1
271,,록시땅모자,모자,록시땅,1.7000000000000002,-23,-1
272,,리리코스모자,모자,리리코스,3.4,1,0
273,,리엔케이모자,모자,리엔케이,5.3,93,21
274,,바닐라코모자,모자,바닐라코,9.0,64,0
275,,바비브라운모자,모자,바비브라운,34.7,30,31
276,,숨37˚모자,모자,숨37˚,29.199999999999996,-176,7
277,0.0867285294117647,시슬리모자,모자,시슬리,7.5,-53,-4
278,,아모레퍼시픽모자,모자,아모레퍼시픽,0.9,-7,1
279,,아베다모자,모자,아베다,2.9000000000000004,15,4
280,,에스티로더모자,모자,에스티로더,1.9,4,3
281,0.010135,오휘모자,모자,오휘,1.9,-30,-2
282,,이솝모자,모자,이솝,1.9,-8,-2
283,,조말론런던모자,모자,조말론런던,3.9,-11,3
284,,크리니크모자,모자,크리니크,49.69999999999999,-114,27
285,,클라란스모자,모자,클라란스,21.499999999999993,62,7
286,,키엘모자,모자,키엘,12.599999999999998,121,24
287,,투쿨포스쿨모자,모자,투쿨포스쿨,4.3,42,8
288,,프레쉬모자,모자,프레쉬,6.2,84,13
289,,필로소피모자,모자,필로소피,0.6,30,-1
290,0.00596,헤라모자,모자,헤라,11.000000000000002,20,-1
291,,아모레퍼시픽미용소품,미용소품,아모레퍼시픽,45.4,59,24
292,,SK-II미용소품,미용소품,SK-II,39.90000000000001,-138,9
293,0.007153333333333334,VDL미용소품,미용소품,VDL,132.29999999999998,463,80
294,,VT코스메틱미용소품,미용소품,VT코스메틱,8.7,-57,-3
295,0.00954,겔랑미용소품,미용소품,겔랑,9.1,89,21
296,,끌레드뽀보떼미용소품,미용소품,끌레드뽀보떼,12.600000000000001,86,15
297,,닥터자르트미용소품,미용소품,닥터자르트,57.89999999999999,34,28
298,,디어달리아미용소품,미용소품,디어달리아,4.5,11,-2
299,,라비오뜨미용소품,미용소품,라비오뜨,2.0,5,0
300,0.034291999999999996,로라메르시에미용소품,미용소품,로라메르시에,162.2,-33,85
301,0.007628,메이크업포에버미용소품,미용소품,메이크업포에버,886.8000000000001,-1406,127
302,0.05666000000000001,바닐라코미용소품,미용소품,바닐라코,108.09999999999995,363,65
303,0.0880955882352941,바비브라운미용소품,미용소품,바비브라운,463.4,421,119
304,0.009936666666666667,베네피트미용소품,미용소품,베네피트,70.1,223,48
305,,비디비치미용소품,미용소품,비디비치,106.9,48,59
306,0.04467914285714286,샤넬미용소품,미용소품,샤넬,57.10000000000001,49,26
307,,세르주루텐미용소품,미용소품,세르주루텐,0.8,-14,-1
308,,슈에무라미용소품,미용소품,슈에무라,545.2000000000002,-638,221
309,0.026198620689655172,시세이도미용소품,미용소품,시세이도,439.4000000000002,-1460,117
310,,시슬리미용소품,미용소품,시슬리,25.4,153,34
311,,아베다미용소품,미용소품,아베다,658.0000000000001,-3073,168
312,0.22600729729729727,안나수이미용소품,미용소품,안나수이,32.6,108,31
313,0.00715,어딕션미용소품,미용소품,어딕션,23.100000000000005,38,13
314,0.00596,어반디케이미용소품,미용소품,어반디케이,9.7,-21,4
315,0.00983875,에스쁘아미용소품,미용소품,에스쁘아,334.29999999999995,-1156,132
316,,에스티로더미용소품,미용소품,에스티로더,23.1,114,9
317,,엘리자베스아덴미용소품,미용소품,엘리자베스아덴,1.0,14,7
318,0.035458181818181826,입생로랑미용소품,미용소품,입생로랑,694.5000000000003,-1785,250
319,,조르지오아르마니미용소품,미용소품,조르지오아르마니,14.6,-45,2
320,0.00596,크리니크미용소품,미용소품,크리니크,2.9,13,3
321,0.04232714285714286,투쿨포스쿨미용소품,미용소품,투쿨포스쿨,142.4,-52,86
322,0.00715,폴앤조미용소품,미용소품,폴앤조,0.6,-7,1
323,,데코르테미용소품,미용소품,데코르테,12.2,-18,6
324,0.3592935135135135,겐조보석,보석,겐조,3.8,-31,-3
325,19.156887297297295,노미네이션보석,보석,노미네이션,1362.5999999999992,8492,225
326,1.878522972972973,러브캣비쥬보석,보석,러브캣비쥬,499.40000000000015,2561,634
327,63.29632729729731,로이드보석,보석,로이드,979.8000000000009,1093,582
328,54.8892272972973,로이드보석,보석,로이드,979.8000000000009,1093,582
329,14.534782162162164,로즈몽보석,보석,로즈몽,363.59999999999997,1208,282
330,0.10300833333333333,리타모니카보석,보석,리타모니카,66.39999999999999,78,79
331,1.2494708108108108,마크제이콥스보석,보석,마크제이콥스,0.5,-8,0
332,27.597625135135132,메트로시티보석,보석,메트로시티,2087.799999999999,-1445,1035
333,0.9748691891891892,몰리즈보석,보석,몰리즈,56.4,-9,21
334,13.334725135135134,미니골드보석,보석,미니골드,537.8000000000002,3098,852
335,0.42065,바쵸바치보석,보석,바쵸바치,42.10000000000001,143,45
336,0.6889267567567569,비체보석,보석,비체,39.6,190,71
337,69.45627729729729,스와로브스키보석,보석,스와로브스키,1002.300000000001,924,670
338,44.52625540540541,스와로브스키보석,보석,스와로브스키,1002.300000000001,924,670
339,2.741610540540541,스타일러스보석,보석,스타일러스,63.70000000000001,23,36
340,44.42989756756756,스톤헨지보석,보석,스톤헨지,1008.9000000000015,1984,850
341,9.338425405405406,아가타보석,보석,아가타,242.79999999999984,526,269
342,51.59404486486486,제이에스티나보석,보석,제이에스티나,1221.3999999999999,-59,529
343,0.07168972972972971,질스튜어트보석,보석,질스튜어트,136.89999999999998,-75,63
344,1.0729251351351352,킨트보석,보석,킨트,44.7,344,58
345,2.3040148648648646,토리버치보석,보석,토리버치,4.1,-25,0
346,0.8463018750000001,토마스사보보석,보석,토마스사보,173.69999999999996,177,95
347,4.3728032432432435,티르리르보석,보석,티르리르,178.80000000000004,37,115
348,0.020753783783783782,프린세스보석,보석,프린세스,1.2,-12,-2
349,,레페토보석,보석,레페토,3.6,-7,-1
350,0.0748664864864865,비비안보석,보석,비비안,24.799999999999997,-143,-2
351,0.02823222222222222,엘르보석,보석,엘르,7.0,115,11
352,0.6519367567567567,루첸리보석,보석,루첸리,49.2,274,19
353,0.056167499999999995,마리앤잭보석,보석,마리앤잭,6.1,112,12
354,0.024723529411764707,엠포리오아르마니보석,보석,엠포리오아르마니,11.3,-69,2
355,1.939827027027027,몽블랑보석,보석,몽블랑,6.1000000000000005,-16,-4
356,1.616184054054054,발렌시아가보석,보석,발렌시아가,2.1,41,4
357,1.3602778378378377,발렌티노보석,보석,발렌티노,32.3,22,24
358,7.4620962162162146,보테가베네타보석,보석,보테가베네타,25.0,7,27
359,3.0633045945945945,생로랑보석,보석,생로랑,0.8,3,0
360,2.022472162162162,셀린느보석,보석,셀린느,0.5,-13,-1
361,0.6737832432432432,아이그너보석,보석,아이그너,1.2,20,0
362,0.6132335135135135,알렉산더맥퀸보석,보석,알렉산더맥퀸,3.4,20,-1
363,0.5404667567567568,지방시보석,보석,지방시,0.7,-12,-1
364,0.1423672972972973,폴스미스보석,보석,폴스미스,0.9,33,6
365,0.9162862162162161,프라다보석,보석,프라다,1.8,-14,0
366,,SK-II선케어,선케어,SK-II,107.6,298,106
367,0.00257,VDL선케어,선케어,VDL,4.0,28,-1
368,,VT코스메틱선케어,선케어,VT코스메틱,7.4,40,14
369,,겔랑선케어,선케어,겔랑,23.099999999999994,-52,27
370,,끌레드뽀보떼선케어,선케어,끌레드뽀보떼,6.8,-49,0
371,0.00283,닥터자르트선케어,선케어,닥터자르트,251.79999999999998,-839,57
372,0.00309,달팡선케어,선케어,달팡,12.0,-6,13
373,,더사가오브수선케어,선케어,더사가오브수,0.5,-15,-1
374,,데코르테선케어,선케어,데코르테,7.9,-54,1
375,,디어달리아선케어,선케어,디어달리아,11.9,-13,-3
376,,라메르선케어,선케어,라메르,1.7,14,1
377,,라프레리선케어,선케어,라프레리,0.5,-16,-1
378,,랑콤선케어,선케어,랑콤,654.4999999999989,-1740,190
379,,록시땅선케어,선케어,록시땅,4.3,62,10
380,,리리코스선케어,선케어,리리코스,5.5,-43,-4
381,,리엔케이선케어,선케어,리엔케이,6.6,-14,5
382,,미키모토코스메틱선케어,선케어,미키모토코스메틱,2.5,-18,0
383,,바닐라코선케어,선케어,바닐라코,22.7,-132,1
384,,베네피트선케어,선케어,베네피트,5.6000000000000005,-63,-4
385,,비디비치선케어,선케어,비디비치,0.6,-2,-1
386,,비오템선케어,선케어,비오템,110.39999999999998,-179,53
387,0.0036,빌리프선케어,선케어,빌리프,753.5000000000001,-2333,161
388,,산심선케어,선케어,산심,4.300000000000001,-53,-4
389,,산타마리아노벨라선케어,선케어,산타마리아노벨라,2.5999999999999996,-15,2
390,,샤넬선케어,선케어,샤넬,41.0,-260,-5
391,,설화수선케어,선케어,설화수,54.60000000000001,-107,5
392,,숨37˚선케어,선케어,숨37˚,31.900000000000006,85,16
393,0.0045049999999999995,시세이도선케어,선케어,시세이도,767.3999999999986,1977,1238
394,0.006825,시슬리선케어,선케어,시슬리,16.9,-37,3
395,,쌍빠선케어,선케어,쌍빠,29.800000000000004,-167,-3
396,,씨앤피알엑스선케어,선케어,씨앤피알엑스,9.600000000000001,-37,-3
397,,아모레퍼시픽선케어,선케어,아모레퍼시픽,10.899999999999999,-38,8
398,0.010210909090909092,아베다선케어,선케어,아베다,3.5,-21,1
399,,아이뽀선케어,선케어,아이뽀,4.6,3,0
400,,어딕션선케어,선케어,어딕션,3.5,3,0
401,,에스쁘아선케어,선케어,에스쁘아,629.5999999999945,-4139,-154
402,,에스티로더선케어,선케어,에스티로더,48.00000000000003,-169,13
403,,엘리자베스아덴선케어,선케어,엘리자베스아덴,15.7,54,12
404,,오휘선케어,선케어,오휘,342.69999999999993,16,154
405,,입생로랑선케어,선케어,입생로랑,228.79999999999998,-185,118
406,,제이에스티나선케어,선케어,제이에스티나,13.3,-94,0
407,,주디스리버선케어,선케어,주디스리버,6.699999999999999,-39,2
408,,쥴라이선케어,선케어,쥴라이,2.0,-16,-2
409,,크리니크선케어,선케어,크리니크,67.70000000000002,-202,15
410,0.006181666666666668,클라란스선케어,선케어,클라란스,243.90000000000006,-216,131
411,,키엘선케어,선케어,키엘,1402.8999999999996,-3837,379
412,,탄선케어,선케어,탄,40.3,-196,3
413,0.00309,투쿨포스쿨선케어,선케어,투쿨포스쿨,20.7,-72,12
414,0.00257,폴앤조선케어,선케어,폴앤조,2.3,-32,-2
415,,프레쉬선케어,선케어,프레쉬,1.6,-21,-1
416,0.00309,프리메라선케어,선케어,프리메라,5.3,-5,6
417,0.00257,헤라선케어,선케어,헤라,72.6000000000001,-348,-16
418,,후선케어,선케어,후,10.899999999999999,19,13
419,,SK-II스킨케어,스킨케어,SK-II,5871.500000000004,2983,4447
420,0.0487854054054054,VDL스킨케어,스킨케어,VDL,160.20000000000002,15,65
421,2.756531081081081,꼬달리스킨케어,스킨케어,꼬달리,891.0999999999999,-1390,191
422,0.2804075675675676,닥터자르트스킨케어,스킨케어,닥터자르트,2152.900000000002,-2939,1283
423,0.00412,딥티크스킨케어,스킨케어,딥티크,17.800000000000004,16,5
424,0.2958859459459459,라메르스킨케어,스킨케어,라메르,211.70000000000007,57,119
425,0.007910714285714285,로라메르시에스킨케어,스킨케어,로라메르시에,11.9,-88,0
426,2.045516756756757,록시땅스킨케어,스킨케어,록시땅,1200.9000000000003,-1802,483
427,0.06388702702702703,리리코스스킨케어,스킨케어,리리코스,230.29999999999998,-781,-22
428,0.47810648648648646,메이크업포에버스킨케어,스킨케어,메이크업포에버,104.1,-204,71
429,0.07192729729729729,바닐라코스킨케어,스킨케어,바닐라코,625.6000000000003,-2091,132
430,0.7381491891891893,바비브라운스킨케어,스킨케어,바비브라운,1207.9999999999998,-2945,443
431,0.01637611111111111,비디비치스킨케어,스킨케어,비디비치,14.0,170,24
432,0.38827027027027033,비오템스킨케어,스킨케어,비오템,5345.9,-5477,4859
433,2.3471775675675675,샤넬스킨케어,스킨케어,샤넬,610.6999999999999,-1671,36
434,,숨37˚스킨케어,스킨케어,숨37˚,1264.7999999999995,157,681
435,0.4127494594594595,슈에무라스킨케어,스킨케어,슈에무라,1231.0,-4896,418
436,0.1295789189189189,시슬리스킨케어,스킨케어,시슬리,689.0000000000002,2044,465
437,1.1370691891891895,쌍빠스킨케어,스킨케어,쌍빠,32.7,50,18
438,,씨앤피알엑스스킨케어,스킨케어,씨앤피알엑스,115.10000000000004,-116,80
439,0.5885045945945945,아모레퍼시픽스킨케어,스킨케어,아모레퍼시픽,559.6999999999999,-736,188
440,0.17644675675675675,아베다스킨케어,스킨케어,아베다,366.7999999999999,-828,78
441,0.271031891891892,에스티로더스킨케어,스킨케어,에스티로더,2420.9000000000005,-452,1336
442,,에어린스킨케어,스킨케어,에어린,2.0,-1,-2
443,0.19363891891891896,엘리자베스아덴스킨케어,스킨케어,엘리자베스아덴,667.4000000000003,1754,514
444,0.3089275675675675,오휘스킨케어,스킨케어,오휘,1008.6,28,611
445,0.06539243243243244,이솝스킨케어,스킨케어,이솝,326.8,-1338,73
446,0.037511666666666665,주디스리버스킨케어,스킨케어,주디스리버,41.30000000000001,-198,-15
447,0.32833432432432436,크리니크스킨케어,스킨케어,크리니크,4715.7999999999965,-10332,1928
448,0.021932222222222224,클라란스스킨케어,스킨케어,클라란스,1339.9,-3404,525
449,0.5532554054054055,키엘스킨케어,스킨케어,키엘,8471.600000000002,-15379,2980
450,0.05894216216216215,투쿨포스쿨스킨케어,스킨케어,투쿨포스쿨,45.9,75,67
451,0.01271,폴앤조스킨케어,스킨케어,폴앤조,14.999999999999998,-51,3
452,0.09745054054054055,프레쉬스킨케어,스킨케어,프레쉬,928.9000000000004,-1683,355
453,0.007767692307692308,필로소피스킨케어,스킨케어,필로소피,12.7,-113,-6
454,0.7277286486486486,헤라스킨케어,스킨케어,헤라,4672.200000000001,-2767,2178
455,0.5283586486486488,리엔케이스킨케어,스킨케어,리엔케이,157.70000000000002,-511,27
456,0.00283,VT코스메틱스킨케어,스킨케어,VT코스메틱,56.199999999999996,-66,47
457,0.006283500000000002,겔랑스킨케어,스킨케어,겔랑,136.70000000000002,0,49
458,0.0036899999999999993,끌레드뽀보떼스킨케어,스킨케어,끌레드뽀보떼,78.99999999999999,343,54
459,0.025783939393939394,달팡스킨케어,스킨케어,달팡,521.9999999999998,-2038,135
460,,데코르테스킨케어,스킨케어,데코르테,619.6,-981,662
461,0.004237692307692309,라프레리스킨케어,스킨케어,라프레리,67.80000000000001,116,15
462,0.1475081081081081,랑콤스킨케어,스킨케어,랑콤,4404.1,-915,3060
463,0.4205229729729729,빌리프스킨케어,스킨케어,빌리프,5352.699999999996,-16793,1181
464,,산심스킨케어,스킨케어,산심,8.6,32,0
465,0.00499875,산타마리아노벨라스킨케어,스킨케어,산타마리아노벨라,125.20000000000002,39,59
466,0.2876110810810811,설화수스킨케어,스킨케어,설화수,13944.600000000015,28816,17709
467,0.03606567567567567,시세이도스킨케어,스킨케어,시세이도,1285.5000000000002,-2845,381
468,0.015216470588235295,어반디케이스킨케어,스킨케어,어반디케이,2.2,3,2
469,0.00463,에르보리앙스킨케어,스킨케어,에르보리앙,8.7,-88,-5
470,0.10270324324324323,에스쁘아스킨케어,스킨케어,에스쁘아,40.7,-381,-15
471,0.06774272727272727,오리진스스킨케어,스킨케어,오리진스,801.5999999999999,-2443,201
472,0.09614162162162163,입생로랑스킨케어,스킨케어,입생로랑,116.0,85,70
473,0.004718333333333333,제이에스티나스킨케어,스킨케어,제이에스티나,17.799999999999997,40,14
474,0.0038090000000000008,조르지오아르마니스킨케어,스킨케어,조르지오아르마니,40.9,-29,17
475,,쥴라이스킨케어,스킨케어,쥴라이,53.099999999999994,-576,-21
476,0.003705,탄스킨케어,스킨케어,탄,12.7,-3,-5
477,0.0103,프라나롬스킨케어,스킨케어,프라나롬,8.6,144,10
478,0.1388427027027027,프리메라스킨케어,스킨케어,프리메라,4987.699999999998,-10824,1623
479,0.015645833333333335,후스킨케어,스킨케어,후,723.7000000000005,406,635
480,0.01164,안나수이스킨케어,스킨케어,안나수이,91.1,466,74
481,0.0035387500000000002,이오시카스킨케어,스킨케어,이오시카,0.5,9,2
482,,트리아뷰티스킨케어,스킨케어,트리아뷰티,18.299999999999997,-162,-1
483,,더사가오브수스킨케어,스킨케어,더사가오브수,19.3,54,-6
484,0.04931,라비오뜨스킨케어,스킨케어,라비오뜨,1.8,5,1
485,,미키모토코스메틱스킨케어,스킨케어,미키모토코스메틱,8.399999999999999,26,15
486,0.01712111111111111,블리스스킨케어,스킨케어,블리스,2.3,-44,-2
487,0.008146875,어딕션스킨케어,스킨케어,어딕션,3.4,-12,0
488,0.10210823529411765,베네피트스킨케어,스킨케어,베네피트,25.8,-162,-6
489,,조말론런던스킨케어,스킨케어,조말론런던,1.1,3,3
490,,에르바리오토스카노스킨케어,스킨케어,에르바리오토스카노,1.0,-12,-2
491,,델라롬스킨케어,스킨케어,델라롬,3.2,-33,1
492,0.00422,아이뽀스킨케어,스킨케어,아이뽀,1.0,-7,0
493,,디어달리아스킨케어,스킨케어,디어달리아,6.800000000000002,3,-1
494,,프레데릭말스킨케어,스킨케어,프레데릭말,0.5,29,0
495,0.00309,시에로코스메틱스킨케어,스킨케어,시에로코스메틱,0.5,14,6
496,0.00282875,톰포드스킨케어,스킨케어,톰포드,9.0,371,0
497,5.264601621621622,게스시계,시계,게스,219.80000000000004,438,129
498,0.05008162162162162,노미네이션시계,시계,노미네이션,1.9,-31,-1
499,4.236309729729729,라도시계,시계,라도,2.2,-28,-2
500,35.47195486486486,로이드시계,시계,로이드,213.29999999999984,-156,95
501,6.802518108108107,마이클코어스시계,시계,마이클코어스,149.50000000000003,185,77
502,50.47707486486487,마크제이콥스시계,시계,마크제이콥스,420.0,1062,325
503,2.084625135135135,몬데인시계,시계,몬데인,13.200000000000001,-57,3
504,24.20708,몽블랑시계,시계,몽블랑,12.0,75,9
505,1.1985527027027025,미쉘에블랑시계,시계,미쉘에블랑,9.999999999999998,-32,1
506,1.3526281081081082,발렌티노시계,시계,발렌티노,2.0,-26,0
507,0.02868029411764706,브룩스브라더스시계,시계,브룩스브라더스,2.0,0,1
508,2.4889789189189186,비비안웨스트우드시계,시계,비비안웨스트우드,10.1,74,16
509,7.729900000000001,순토시계,시계,순토,15.6,-25,6
510,9.681227027027028,스와치시계,시계,스와치,153.99999999999994,298,35
511,13.633032162162163,시티즌시계,시계,시티즌,65.5,279,40
512,4.584377837837839,아르키메데스시계,시계,아르키메데스,41.5,126,25
513,12.96176648648649,엠포리오아르마니시계,시계,엠포리오아르마니,384.00000000000006,1890,304
514,1.175982162162162,융한스시계,시계,융한스,3.3000000000000003,41,3
515,17.206510270270275,지샥시계,시계,지샥,179.89999999999998,193,119
516,5.436525135135135,캘빈클라인시계,시계,캘빈클라인,193.50000000000003,332,101
517,0.1623740625,토마스사보시계,시계,토마스사보,3.8,-34,-5
518,18.799013243243238,티쏘시계,시계,티쏘,324.59999999999997,2098,261
519,4.4299118918918925,페라가모시계,시계,페라가모,42.70000000000002,45,14
520,7.461789459459459,폴스미스시계,시계,폴스미스,6.000000000000001,90,7
521,0.81089,프레드릭콘스탄트시계,시계,프레드릭콘스탄트,26.1,-7,10
522,19.062387567567573,해밀턴시계,시계,해밀턴,55.099999999999994,158,12
523,1.593835945945946,휴고보스시계,시계,휴고보스,8.1,31,0
524,1.2363359459459462,베이비지시계,시계,베이비지,52.1,-197,48
525,25.318226756756758,로즈몽시계,시계,로즈몽,393.5999999999999,805,254
526,6.043326756756758,스톤헨지시계,시계,스톤헨지,93.80000000000001,-45,52
527,7.033248918918917,아이그너시계,시계,아이그너,42.0,390,54
528,2.012428918918919,겐조시계,시계,겐조,23.5,-295,-12
529,1.0453535135135135,레노마시계,시계,레노마,0.5,-14,-1
530,7.061447837837838,마크바이마크제이콥스시계,시계,마크바이마크제이콥스,44.90000000000001,-92,38
531,4.199653513513513,미니골드시계,시계,미니골드,141.70000000000005,-754,22
532,7.845119189189189,스와로브스키시계,시계,스와로브스키,42.89999999999999,85,54
533,1.78864972972973,아가타시계,시계,아가타,5.2,31,3
534,6.594052702702703,제이에스티나시계,시계,제이에스티나,108.09999999999998,-293,20
535,2.8156037837837835,코치시계,시계,코치,54.8,-19,15
536,2.698211081081081,토리버치시계,시계,토리버치,283.0,406,195
537,1.3312418918918918,티르리르시계,시계,티르리르,22.099999999999998,88,7
538,0.013071000000000003,게스안경/선글라스,안경/선글라스,게스,252.29999999999998,1660,216
539,0.009355200000000001,디스퀘어드2안경/선글라스,안경/선글라스,디스퀘어드2,72.8,203,33
540,0.19607648648648646,랑방안경/선글라스,안경/선글라스,랑방,280.59999999999985,289,199
541,0.00963875,메트로시티안경/선글라스,안경/선글라스,메트로시티,45.89999999999999,31,17
542,2.6290108108108106,몽블랑안경/선글라스,안경/선글라스,몽블랑,5.5,18,2
543,0.008758235294117647,몽클레어안경/선글라스,안경/선글라스,몽클레어,5.200000000000001,53,-4
544,0.4019667567567568,발망안경/선글라스,안경/선글라스,발망,90.20000000000002,-181,29
545,0.035343142857142865,비비안웨스트우드안경/선글라스,안경/선글라스,비비안웨스트우드,125.59999999999998,424,103
546,0.0850075,지방시안경/선글라스,안경/선글라스,지방시,25.9,18,11
547,4.91886081081081,톰포드안경/선글라스,안경/선글라스,톰포드,91.6,-49,28
548,0.004833076923076923,발렌시아가안경/선글라스,안경/선글라스,발렌시아가,236.59999999999985,-120,187
549,0.006997916666666666,보테가베네타안경/선글라스,안경/선글라스,보테가베네타,15.099999999999998,-71,4
550,0.007582799999999998,셀린느안경/선글라스,안경/선글라스,셀린느,1.6,-8,0
551,0.00257,막스마라안경/선글라스,안경/선글라스,막스마라,0.7,-2,0
552,,뷰안경/선글라스,안경/선글라스,뷰,99.89999999999998,-482,5
553,0.013397857142857142,생로랑안경/선글라스,안경/선글라스,생로랑,108.49999999999999,-480,12
554,0.007562142857142856,스와로브스키안경/선글라스,안경/선글라스,스와로브스키,2.1,-11,1
555,,알렉산더맥퀸안경/선글라스,안경/선글라스,알렉산더맥퀸,2.9,4,1
556,0.011563529411764707,에트로안경/선글라스,안경/선글라스,에트로,98.6,523,97
557,0.003498,엘르안경/선글라스,안경/선글라스,엘르,28.499999999999996,7,-2
558,0.4569983783783784,폴스미스안경/선글라스,안경/선글라스,폴스미스,1.4,-14,-1
559,0.0169875,휴고보스안경/선글라스,안경/선글라스,휴고보스,0.5,-8,-1
560,0.08645864864864865,겐조안경/선글라스,안경/선글라스,겐조,18.400000000000002,209,50
561,0.01171153846153846,끌로에안경/선글라스,안경/선글라스,끌로에,8.1,94,8
562,0.011593571428571429,마이클코어스안경/선글라스,안경/선글라스,마이클코어스,0.9,-10,0
563,0.014281785714285714,마크제이콥스안경/선글라스,안경/선글라스,마크제이콥스,1.4,7,0
564,0.09501243243243243,불가리안경/선글라스,안경/선글라스,불가리,1.2,-19,-1
565,0.2937413513513514,샤넬안경/선글라스,안경/선글라스,샤넬,11.799999999999999,87,16
566,0.0043437499999999995,시세이도안경/선글라스,안경/선글라스,시세이도,1.0,10,2
567,,아가타안경/선글라스,안경/선글라스,아가타,14.7,-81,17
568,0.013595,안나수이안경/선글라스,안경/선글라스,안나수이,323.29999999999995,1199,233
569,0.00257,에스티듀퐁안경/선글라스,안경/선글라스,에스티듀퐁,6.5,-49,-3
570,0.007806153846153846,입생로랑안경/선글라스,안경/선글라스,입생로랑,13.200000000000001,88,29
571,0.07734567567567567,캘빈클라인안경/선글라스,안경/선글라스,캘빈클라인,2.1,10,0
572,0.21034270270270272,페라가모안경/선글라스,안경/선글라스,페라가모,23.8,-139,-1
573,1.072368918918919,프라다안경/선글라스,안경/선글라스,프라다,3.9000000000000004,56,4
574,0.01332457142857143,게스여성가방,여성가방,게스,55.30000000000002,-229,6
575,0.00257,겐조여성가방,여성가방,겐조,18.299999999999994,117,17
576,,끌로에여성가방,여성가방,끌로에,27.500000000000004,286,51
577,14.362646756756755,닥스여성가방,여성가방,닥스,533.9,2830,483
578,0.0053145454545454555,러브캣여성가방,여성가방,러브캣,518.3,3250,1244
579,1.5445716216216214,루이까또즈여성가방,여성가방,루이까또즈,443.40000000000003,1168,330
580,0.00653032258064516,마이클코어스여성가방,여성가방,마이클코어스,175.69999999999985,86,103
581,0.027368275862068966,마크제이콥스여성가방,여성가방,마크제이콥스,56.49999999999999,343,82
582,0.003946666666666667,멀버리여성가방,여성가방,멀버리,39.80000000000001,29,33
583,0.0030225,발렌시아가여성가방,여성가방,발렌시아가,179.59999999999994,578,149
584,0.0325936,시슬리여성가방,여성가방,시슬리,112.5,302,117
585,0.00412,알렉산더맥퀸여성가방,여성가방,알렉산더맥퀸,2.0999999999999996,-33,-2
586,0.00257,알렉산더왕여성가방,여성가방,알렉산더왕,3.9,16,-3
587,0.012850909090909092,에트로여성가방,여성가방,에트로,476.99999999999983,1250,333
588,0.013330967741935488,지방시여성가방,여성가방,지방시,294.79999999999967,829,230
589,0.15204689655172415,질스튜어트여성가방,여성가방,질스튜어트,600.8000000000008,-764,228
590,0.5176445945945947,캘빈클라인여성가방,여성가방,캘빈클라인,413.49999999999983,-409,226
591,0.6820313513513514,코치여성가방,여성가방,코치,1236.1000000000013,6856,1267
592,,키아라페라그니여성가방,여성가방,키아라페라그니,0.5,-5,-1
593,0.19933621621621625,토리버치여성가방,여성가방,토리버치,587.7999999999996,2460,652
594,3.07445054054054,투미여성가방,여성가방,투미,101.0,-20,36
595,0.5827224324324325,프라다여성가방,여성가방,프라다,1430.6000000000006,7697,1490
596,,VALENTINO여성가방,여성가방,VALENTINO,2.3,-7,1
597,0.00309,골든구스여성가방,여성가방,골든구스,1.3,56,6
598,,꼼데가르송여성가방,여성가방,꼼데가르송,2.4,-25,0
599,0.003085,더블엠여성가방,여성가방,더블엠,7.199999999999999,109,11
600,0.0038625,랑방여성가방,여성가방,랑방,4.1000000000000005,85,14
601,0.037918648648648655,레노마여성가방,여성가방,레노마,37.699999999999996,-25,29
602,,마르니여성가방,여성가방,마르니,48.300000000000004,-61,40
603,,마크바이마크제이콥스여성가방,여성가방,마크바이마크제이콥스,2.3,60,5
604,0.1654254054054054,메트로시티여성가방,여성가방,메트로시티,1142.4000000000005,3765,1144
605,0.0036,미우미우여성가방,여성가방,미우미우,33.3,-6,16
606,0.003978181818181818,발렌티노여성가방,여성가방,발렌티노,92.0,510,89
607,0.1268062162162162,보테가베네타여성가방,여성가방,보테가베네타,40.20000000000002,375,54
608,0.00309,비비안웨스트우드여성가방,여성가방,비비안웨스트우드,79.99999999999999,197,94
609,0.0036016666666666666,생로랑여성가방,여성가방,생로랑,102.09999999999994,642,93
610,0.0686945945945946,샤넬여성가방,여성가방,샤넬,13.100000000000001,161,19
611,0.00283,셀린느여성가방,여성가방,셀린느,21.2,-32,15
612,,스텔라메카트니여성가방,여성가방,스텔라메카트니,4.7,21,4
613,0.003085,아가타여성가방,여성가방,아가타,84.2,-149,23
614,0.015885172413793107,엘르여성가방,여성가방,엘르,87.50000000000003,-120,40
615,,자넬라토여성가방,여성가방,자넬라토,90.39999999999999,174,61
616,,프로엔자슐러여성가방,여성가방,프로엔자슐러,1.0,-8,0
617,,피에르아르디여성가방,여성가방,피에르아르디,4.6,-52,-2
618,0.0053629411764705886,입생로랑여성가방,여성가방,입생로랑,1.7,6,-1
619,,베네피트여성가방,여성가방,베네피트,1.0,26,4
620,0.01053222222222222,겐조여성의류상의,여성의류상의,겐조,48.50000000000001,265,86
621,0.2813408108108108,꼼데가르송여성의류상의,여성의류상의,꼼데가르송,21.000000000000004,40,46
622,0.011937083333333334,레노마여성의류상의,여성의류상의,레노마,5.699999999999999,89,24
623,,막스마라여성의류상의,여성의류상의,막스마라,19.300000000000004,8,28
624,,무스너클여성의류상의,여성의류상의,무스너클,1.4,-6,4
625,0.0066949999999999996,시슬리여성의류상의,여성의류상의,시슬리,578.6000000000005,-510,361
626,0.005489999999999999,질스튜어트여성의류상의,여성의류상의,질스튜어트,68.5,31,55
627,0.00283,토리버치여성의류상의,여성의류상의,토리버치,23.300000000000004,350,38
628,0.05515,투미여성의류상의,여성의류상의,투미,21.7,372,66
629,,프라다여성의류상의,여성의류상의,프라다,2.6,12,6
630,,에트로여성의류상의,여성의류상의,에트로,5.0,88,9
631,0.03135172413793103,게스여성의류상의,여성의류상의,게스,69.69999999999999,153,68
632,0.00283,골든구스여성의류상의,여성의류상의,골든구스,12.300000000000002,174,37
633,,마크제이콥스여성의류상의,여성의류상의,마크제이콥스,2.9,-11,2
634,0.11130969696969696,몽클레어여성의류상의,여성의류상의,몽클레어,16.0,-122,11
635,,이자벨마랑여성의류상의,여성의류상의,이자벨마랑,6.1000000000000005,67,18
636,,아가타여성의류상의,여성의류상의,아가타,14.899999999999999,104,34
637,0.0036,끌로에여성의류상의,여성의류상의,끌로에,1.0,26,8
638,0.00257,디스퀘어드2여성의류상의,여성의류상의,디스퀘어드2,0.9,-16,-1
639,,마르니여성의류상의,여성의류상의,마르니,0.5,-13,0
640,0.00309,마이클코어스여성의류상의,여성의류상의,마이클코어스,2.9,28,4
641,0.0036,발망여성의류상의,여성의류상의,발망,4.5,-13,12
642,0.003201111111111111,비비안웨스트우드여성의류상의,여성의류상의,비비안웨스트우드,0.6,20,2
643,0.00257,생로랑여성의류상의,여성의류상의,생로랑,1.5,25,4
644,0.003345,아크네여성의류상의,여성의류상의,아크네,2.1,15,5
645,,알렉산더왕여성의류상의,여성의류상의,알렉산더왕,1.4,11,3
646,,지방시여성의류상의,여성의류상의,지방시,2.4000000000000004,27,3
647,,코치여성의류상의,여성의류상의,코치,5.5,2,0
648,,키아라페라그니여성의류상의,여성의류상의,키아라페라그니,1.4,-17,-2
649,0.7779954054054053,톰브라운여성의류상의,여성의류상의,톰브라운,14.1,-79,7
650,0.5992597142857143,레노마여성의류아우터,여성의류아우터,레노마,0.6,-16,-1
651,0.05127058823529412,시슬리여성의류아우터,여성의류아우터,시슬리,561.0000000000003,64,349
652,0.11889458333333332,질스튜어트여성의류아우터,여성의류아우터,질스튜어트,5.0,33,1
653,0.0025080000000000002,투미여성의류아우터,여성의류아우터,투미,14.999999999999998,46,20
654,22.99962891891892,몽클레어여성의류아우터,여성의류아우터,몽클레어,9.0,102,15
655,0.037960588235294114,겐조여성의류아우터,여성의류아우터,겐조,0.7,35,7
656,0.0029133333333333333,골든구스여성의류아우터,여성의류아우터,골든구스,4.3999999999999995,-8,9
657,0.012624999999999999,마이클코어스여성의류아우터,여성의류아우터,마이클코어스,1.3,10,-2
658,0.024738666666666666,막스마라여성의류아우터,여성의류아우터,막스마라,7.199999999999999,5,8
659,7.075338,무스너클여성의류아우터,여성의류아우터,무스너클,4.2,-15,4
660,0.012365555555555555,아크네여성의류아우터,여성의류아우터,아크네,1.5,1,4
661,1.43433,에르노여성의류아우터,여성의류아우터,에르노,1.0,-15,-1
662,0.003241,에트로여성의류아우터,여성의류아우터,에트로,0.9,35,2
663,,이자벨마랑여성의류아우터,여성의류아우터,이자벨마랑,0.9,-12,0
664,0.01022,지방시여성의류아우터,여성의류아우터,지방시,1.0,-15,-1
665,0.41751235294117656,프라다여성의류아우터,여성의류아우터,프라다,2.4000000000000004,-36,-1
666,0.0035149999999999995,게스여성의류전신,여성의류전신,게스,74.99999999999999,-194,56
667,,릭오웬스여성의류전신,여성의류전신,릭오웬스,0.8,34,0
668,,마이클코어스여성의류전신,여성의류전신,마이클코어스,5.200000000000001,-4,9
669,,막스마라여성의류전신,여성의류전신,막스마라,5.8,-15,17
670,0.00257,시슬리여성의류전신,여성의류전신,시슬리,443.80000000000024,-1064,187
671,0.00309,아가타여성의류전신,여성의류전신,아가타,0.8,-7,1
672,,에트로여성의류전신,여성의류전신,에트로,1.6,-39,0
673,,이자벨마랑여성의류전신,여성의류전신,이자벨마랑,0.7,-8,1
674,,질스튜어트여성의류전신,여성의류전신,질스튜어트,74.2,266,58
675,,토리버치여성의류전신,여성의류전신,토리버치,2.0999999999999996,19,6
676,0.00257,투미여성의류전신,여성의류전신,투미,29.400000000000002,83,47
677,0.0038624999999999996,겐조여성의류전신,여성의류전신,겐조,1.2,-2,0
678,,프라다여성의류전신,여성의류전신,프라다,1.4,6,8
679,2.6890716216216215,게스여성의류하의,여성의류하의,게스,495.5999999999999,751,281
680,0.0037059999999999997,겐조여성의류하의,여성의류하의,겐조,2.3,-35,-2
681,0.00257,골든구스여성의류하의,여성의류하의,골든구스,1.0,2,1
682,0.07861485714285714,디스퀘어드2여성의류하의,여성의류하의,디스퀘어드2,2.0,-24,-3
683,0.021232571428571427,레노마여성의류하의,여성의류하의,레노마,1.3,28,6
684,,릭오웬스여성의류하의,여성의류하의,릭오웬스,0.5,10,0
685,,마이클코어스여성의류하의,여성의류하의,마이클코어스,3.8,-13,4
686,,막스마라여성의류하의,여성의류하의,막스마라,0.7,17,7
687,0.00257,발렌시아가여성의류하의,여성의류하의,발렌시아가,2.6,87,7
688,0.011832857142857143,발망여성의류하의,여성의류하의,발망,0.6,-3,0
689,0.00309,비너스여성의류하의,여성의류하의,비너스,38.400000000000006,387,58
690,,비비안여성의류하의,여성의류하의,비비안,376.7000000000001,1473,436
691,0.004633333333333333,생로랑여성의류하의,여성의류하의,생로랑,0.9,40,8
692,0.00412,시슬리여성의류하의,여성의류하의,시슬리,204.99999999999994,-412,188
693,,아가타여성의류하의,여성의류하의,아가타,0.8,10,5
694,,알렉산더왕여성의류하의,여성의류하의,알렉산더왕,0.6,-7,0
695,,이자벨마랑여성의류하의,여성의류하의,이자벨마랑,2.1,7,0
696,0.00438,질스튜어트여성의류하의,여성의류하의,질스튜어트,21.500000000000004,61,68
697,0.023783235294117647,톰브라운여성의류하의,여성의류하의,톰브라운,0.5,1,-1
698,0.00309,투미여성의류하의,여성의류하의,투미,16.599999999999998,179,59
699,0.0033449999999999994,프라다여성의류하의,여성의류하의,프라다,1.2999999999999998,-1,0
700,0.09126513513513515,게스여성지갑,여성지갑,게스,101.90000000000002,174,84
701,0.00257,꼼데가르송여성지갑,여성지갑,꼼데가르송,2.0,-7,0
702,0.0038599999999999997,끌로에여성지갑,여성지갑,끌로에,6.7,1,5
703,3.105408108108108,닥스여성지갑,여성지갑,닥스,306.50000000000017,1068,232
704,0.025875882352941176,러브캣여성지갑,여성지갑,러브캣,93.39999999999999,80,59
705,3.3280164864864856,루이까또즈여성지갑,여성지갑,루이까또즈,949.1000000000005,1248,730
706,0.031610000000000006,마르니여성지갑,여성지갑,마르니,1.6,-24,-2
707,0.00309,마리아꾸르끼여성지갑,여성지갑,마리아꾸르끼,1.0,-15,-1
708,0.007477419354838709,마이클코어스여성지갑,여성지갑,마이클코어스,41.50000000000001,77,27
709,0.008526,마크제이콥스여성지갑,여성지갑,마크제이콥스,6.2,57,10
710,0.008057857142857141,멀버리여성지갑,여성지갑,멀버리,4.0,-8,2
711,0.546694054054054,메트로시티여성지갑,여성지갑,메트로시티,348.8999999999999,-553,178
712,0.49787540540540537,몽블랑여성지갑,여성지갑,몽블랑,146.0,69,106
713,0.003946666666666666,미우미우여성지갑,여성지갑,미우미우,19.8,229,34
714,0.010593600000000002,발렌시아가여성지갑,여성지갑,발렌시아가,31.900000000000002,89,43
715,0.03744857142857143,발렌티노여성지갑,여성지갑,발렌티노,43.1,-94,41
716,0.6241567567567567,보테가베네타여성지갑,여성지갑,보테가베네타,21.299999999999997,-12,14
717,0.3531491666666667,비비안웨스트우드여성지갑,여성지갑,비비안웨스트우드,72.5,-293,33
718,0.04218135135135135,생로랑여성지갑,여성지갑,생로랑,56.600000000000016,306,60
719,0.0035455555555555557,셀린느여성지갑,여성지갑,셀린느,0.8,1,2
720,0.004892499999999999,시슬리여성지갑,여성지갑,시슬리,1.1,-25,-2
721,0.010773636363636365,에트로여성지갑,여성지갑,에트로,28.5,-35,-3
722,0.06445891891891892,지방시여성지갑,여성지갑,지방시,8.3,-59,-4
723,0.19735864864864866,질스튜어트여성지갑,여성지갑,질스튜어트,633.5,-463,468
724,0.039799062499999996,캘빈클라인여성지갑,여성지갑,캘빈클라인,13.7,42,15
725,0.4434835135135135,코치여성지갑,여성지갑,코치,502.5999999999997,2342,549
726,0.1734789189189189,토리버치여성지갑,여성지갑,토리버치,138.50000000000006,309,124
727,0.004634090909090909,톰브라운여성지갑,여성지갑,톰브라운,0.6,-7,-1
728,1.782365945945946,프라다여성지갑,여성지갑,프라다,775.0000000000019,3272,890
729,,프로엔자슐러여성지갑,여성지갑,프로엔자슐러,0.9,-14,-1
730,0.006180555555555556,레노마여성지갑,여성지갑,레노마,0.7,-13,0
731,0.00257,알렉산더맥퀸여성지갑,여성지갑,알렉산더맥퀸,2.5,46,10
732,0.005361176470588235,투미여성지갑,여성지갑,투미,1.9,14,2
733,0.027730833333333333,게스여성화,여성화,게스,2418.300000000002,5063,2176
734,1.1160883783783784,닥스여성화,여성화,닥스,162.59999999999994,143,83
735,0.5265335135135135,레노마여성화,여성화,레노마,364.90000000000015,1142,230
736,0.00283,레페토여성화,여성화,레페토,157.59999999999997,8,113
737,,GOLDENGOOSE여성화,여성화,GOLDENGOOSE,0.7,9,0
738,0.0034750000000000002,미우미우여성화,여성화,미우미우,10.4,-20,-3
739,0.8113632432432433,발렌티노여성화,여성화,발렌티노,242.1,-195,104
740,,스와로브스키여성화,여성화,스와로브스키,0.6,34,4
741,,스튜어트와이츠먼여성화,여성화,스튜어트와이츠먼,5.3,-64,-3
742,0.00257,안나수이여성화,여성화,안나수이,12.599999999999998,-84,-7
743,0.00567,에트로여성화,여성화,에트로,1.9,5,-1
744,0.004040000000000001,엘르여성화,여성화,엘르,74.70000000000002,277,39
745,0.0054075,질스튜어트여성화,여성화,질스튜어트,25.900000000000002,181,37
746,0.006126842105263158,토리버치여성화,여성화,토리버치,508.59999999999997,299,413
747,,톰포드여성화,여성화,톰포드,1.5,-25,-1
748,0.4279632432432433,프라다여성화,여성화,프라다,47.20000000000002,71,39
749,0.007914090909090909,겐조여성화,여성화,겐조,26.300000000000004,228,38
750,,끌로에여성화,여성화,끌로에,0.5,-10,-1
751,0.00296,닐바렛여성화,여성화,닐바렛,0.7,-14,0
752,0.00412,마르니여성화,여성화,마르니,3.7,-4,1
753,0.004044285714285715,마이클코어스여성화,여성화,마이클코어스,53.20000000000002,-51,55
754,0.002882,메트로시티여성화,여성화,메트로시티,43.6,-114,26
755,0.035471428571428563,몽클레어여성화,여성화,몽클레어,1.2,-7,0
756,0.0051755,발렌시아가여성화,여성화,발렌시아가,29.60000000000001,56,37
757,,비비안웨스트우드여성화,여성화,비비안웨스트우드,137.1,-61,85
758,0.17181970588235296,지방시여성화,여성화,지방시,19.0,34,15
759,2.8673754054054053,골든구스여성화,여성화,골든구스,957.3000000000006,1449,876
760,0.0037749999999999993,디스퀘어드2여성화,여성화,디스퀘어드2,0.6,7,1
761,0.17397305555555556,랑방여성화,여성화,랑방,1.2,73,2
762,0.03850090909090909,생로랑여성화,여성화,생로랑,24.999999999999996,136,61
763,0.034381176470588234,알렉산더맥퀸여성화,여성화,알렉산더맥퀸,81.7,298,91
764,0.00309,이자벨마랑여성화,여성화,이자벨마랑,4.5,-1,11
765,0.00283,캘빈클라인여성화,여성화,캘빈클라인,4.7,-25,0
766,0.0044885714285714294,커먼프로젝트여성화,여성화,커먼프로젝트,5.7,-39,-1
767,,키아라페라그니여성화,여성화,키아라페라그니,7.2,17,20
768,0.17491749999999998,필립모델여성화,여성화,필립모델,12.4,-129,-4
769,0.014222000000000002,아가타여성화,여성화,아가타,2.0,10,9
770,,안야힌드마치여성화,여성화,안야힌드마치,3.0,-14,-1
771,0.06966918918918918,코치여성화,여성화,코치,0.5,-11,-1
772,0.0058826315789473685,보테가베네타여성화,여성화,보테가베네타,0.9,18,3
773,0.00412,시슬리여성화,여성화,시슬리,4.7,28,1
774,0.0040149999999999995,지방시여행용가방류,여행용가방류,지방시,1.2,-23,-1
775,0.17732378378378377,닥스여행용가방류,여행용가방류,닥스,37.2,396,27
776,,마크제이콥스여행용가방류,여행용가방류,마크제이콥스,1.7,-10,-1
777,0.6023687878787879,아가타여행용가방류,여행용가방류,아가타,1.0,-6,1
778,0.00257,에트로여행용가방류,여행용가방류,에트로,0.7,1,5
779,0.0038869999999999994,코치여행용가방류,여행용가방류,코치,62.599999999999994,339,78
780,1.834946756756757,엘르여행용가방류,여행용가방류,엘르,8.4,204,18
781,3.721752972972973,투미여행용가방류,여행용가방류,투미,5.6000000000000005,3,3
782,3.8130772972972977,루이까또즈우산/양산류,우산/양산류,루이까또즈,1597.7000000000016,-1361,839
783,0.32957919999999996,엘르우산/양산류,우산/양산류,엘르,403.09999999999997,1380,292
784,2.692638918918919,닥스우산/양산류,우산/양산류,닥스,597.2000000000002,442,462
785,0.725950625,레노마우산/양산류,우산/양산류,레노마,781.4999999999999,694,358
786,1.898516857142857,아가타우산/양산류,우산/양산류,아가타,671.5000000000002,1141,493
787,1.121043125,질스튜어트우산/양산류,우산/양산류,질스튜어트,321.8999999999999,-973,70
788,0.0049766666666666666,몽블랑우산/양산류,우산/양산류,몽블랑,11.200000000000001,-39,-7
789,0.00257,에트로우산/양산류,우산/양산류,에트로,2.0,84,-1
790,,골든구스유아동화,유아동화,골든구스,6.5,35,13
791,,필립모델유아동화,유아동화,필립모델,1.0,-10,0
792,,게스유아동화,유아동화,게스,24.200000000000003,52,46
793,,닥스유아동화,유아동화,닥스,3.0,-27,-2
794,0.0054796,닥스캐쥬얼가방,캐쥬얼가방,닥스,98.29999999999998,733,103
795,,더블엠캐쥬얼가방,캐쥬얼가방,더블엠,0.8,-8,0
796,,러브캣캐쥬얼가방,캐쥬얼가방,러브캣,50.5,925,259
797,,레노마캐쥬얼가방,캐쥬얼가방,레노마,9.499999999999998,32,2
798,0.017324285714285716,루이까또즈캐쥬얼가방,캐쥬얼가방,루이까또즈,5.4,5,1
799,0.004763750000000001,마이클코어스캐쥬얼가방,캐쥬얼가방,마이클코어스,10.6,-73,-4
800,0.43771594594594593,마크제이콥스캐쥬얼가방,캐쥬얼가방,마크제이콥스,82.1,85,85
801,0.00309,질스튜어트캐쥬얼가방,캐쥬얼가방,질스튜어트,15.499999999999998,39,10
802,0.006791481481481482,코치캐쥬얼가방,캐쥬얼가방,코치,64.4,435,90
803,0.19901648648648648,투미캐쥬얼가방,캐쥬얼가방,투미,14.6,-114,-1
804,0.0026999999999999997,메트로시티캐쥬얼가방,캐쥬얼가방,메트로시티,50.300000000000004,197,51
805,,안야힌드마치캐쥬얼가방,캐쥬얼가방,안야힌드마치,0.9,-1,0
806,,에트로캐쥬얼가방,캐쥬얼가방,에트로,8.7,10,5
807,0.0041184210526315785,캘빈클라인캐쥬얼가방,캐쥬얼가방,캘빈클라인,1.6,9,6
808,0.02232837837837838,프라다캐쥬얼가방,캐쥬얼가방,프라다,2.7,-30,0
809,0.00283,게스캐쥬얼가방,캐쥬얼가방,게스,7.0,127,4
810,0.00567,엘르캐쥬얼가방,캐쥬얼가방,엘르,10.4,37,0
811,0.28836324324324325,겐조패션액세서리,패션액세서리,겐조,3.8000000000000003,-32,1
812,0.046957000000000006,골든구스패션액세서리,패션액세서리,골든구스,68.7,429,86
813,12.124623513513514,닥스패션액세서리,패션액세서리,닥스,2142.000000000002,10421,1200
814,0.924562162162162,랑방패션액세서리,패션액세서리,랑방,0.5,-3,3
815,0.07901250000000001,러브캣패션액세서리,패션액세서리,러브캣,6.6000000000000005,7,3
816,0.03312466666666666,레페토패션액세서리,패션액세서리,레페토,2.0,-13,2
817,9.559306216216216,루이까또즈패션액세서리,패션액세서리,루이까또즈,14.599999999999998,111,19
818,0.028083243243243242,마이클코어스패션액세서리,패션액세서리,마이클코어스,6.7,53,10
819,0.049193529411764705,마크제이콥스패션액세서리,패션액세서리,마크제이콥스,6.7,11,5
820,0.16856029411764706,발렌시아가패션액세서리,패션액세서리,발렌시아가,1.4,-9,0
821,0.06567054054054053,발렌티노패션액세서리,패션액세서리,발렌티노,10.1,-17,1
822,0.21538729729729733,보테가베네타패션액세서리,패션액세서리,보테가베네타,9.000000000000002,37,9
823,0.07805027777777777,비비안패션액세서리,패션액세서리,비비안,80.2,-2,55
824,0.6175102702702702,생로랑패션액세서리,패션액세서리,생로랑,1.4,-26,-2
825,0.2226448648648649,셀린느패션액세서리,패션액세서리,셀린느,0.9,33,4
826,0.014009375000000001,스와로브스키패션액세서리,패션액세서리,스와로브스키,50.79999999999999,-1,18
827,,스튜어트와이츠먼패션액세서리,패션액세서리,스튜어트와이츠먼,6.699999999999999,-73,-5
828,0.9778386486486487,알렉산더맥퀸패션액세서리,패션액세서리,알렉산더맥퀸,32.400000000000006,-2,25
829,0.00369,에스티듀퐁패션액세서리,패션액세서리,에스티듀퐁,91.4,8,70
830,3.023458108108109,에트로패션액세서리,패션액세서리,에트로,248.19999999999987,512,240
831,1.0628797297297299,엘르패션액세서리,패션액세서리,엘르,1280.3999999999994,7430,1157
832,0.05662966666666667,이자벨마랑패션액세서리,패션액세서리,이자벨마랑,2.4,-34,0
833,2.156765405405405,지방시패션액세서리,패션액세서리,지방시,1.6,27,5
834,1.6644724324324323,질스튜어트패션액세서리,패션액세서리,질스튜어트,146.49999999999997,-756,40
835,,커먼프로젝트패션액세서리,패션액세서리,커먼프로젝트,0.9,-12,-1
836,1.0062186486486486,코치패션액세서리,패션액세서리,코치,26.400000000000002,7,27
837,,키아라페라그니패션액세서리,패션액세서리,키아라페라그니,0.8,-11,-1
838,0.730278108108108,토리버치패션액세서리,패션액세서리,토리버치,29.99999999999999,68,11
839,2.3487648648648642,레노마패션액세서리,패션액세서리,레노마,1605.0999999999992,6131,781
840,2.241292432432432,아가타패션액세서리,패션액세서리,아가타,83.0,412,48
841,1.4979824324324322,폴스미스패션액세서리,패션액세서리,폴스미스,10.0,-39,3
842,3.292892702702703,비비안웨스트우드패션액세서리,패션액세서리,비비안웨스트우드,1.0,-14,-1
843,0.03982533333333334,스톤아일랜드패션액세서리,패션액세서리,스톤아일랜드,2.0,-14,0
844,0.24731918918918924,시슬리패션액세서리,패션액세서리,시슬리,41.900000000000006,-272,-1
845,0.005206666666666667,톰포드패션액세서리,패션액세서리,톰포드,0.8,-14,-1
846,0.004171,투미패션액세서리,패션액세서리,투미,7.299999999999999,140,2
847,0.003256666666666667,디스퀘어드2패션액세서리,패션액세서리,디스퀘어드2,3.3,-27,-2
848,0.1448481081081081,몽블랑패션액세서리,패션액세서리,몽블랑,45.7,224,68
849,0.7241754054054053,프라다패션액세서리,패션액세서리,프라다,38.5,29,0
850,0.014517931034482758,제이에스티나패션액세서리,패션액세서리,제이에스티나,2.1,-1,6
851,0.05654648648648648,캘빈클라인패션액세서리,패션액세서리,캘빈클라인,0.5,-12,-1
852,,VT코스메틱향수,향수,VT코스메틱,20.39999999999999,-261,-14
853,0.25650108108108105,꼬달리향수,향수,꼬달리,12.0,-112,-1
854,0.5700443243243245,니콜라이향수,향수,니콜라이,59.199999999999996,-342,-11
855,1.7583194594594596,딥티크향수,향수,딥티크,740.8000000000002,-2253,227
856,0.0037733333333333334,라보라토리오올파티보향수,향수,라보라토리오올파티보,16.7,-131,3
857,0.5949964864864864,로라메르시에향수,향수,로라메르시에,42.699999999999996,-44,18
858,2.8190313513513514,록시땅향수,향수,록시땅,239.69999999999993,-672,77
859,0.007076666666666665,메종프란시스커정향수,향수,메종프란시스커정,15.5,10,12
860,0.13115216216216216,몰튼브라운향수,향수,몰튼브라운,1.5,-41,-2
861,2.501892972972973,바이레도향수,향수,바이레도,572.2000000000003,-3073,44
862,1.1698237837837842,베네피트향수,향수,베네피트,105.79999999999997,-170,32
863,20.618694864864864,불가리향수,향수,불가리,581.4999999999999,34151,341
864,4.892222702702703,산타마리아노벨라향수,향수,산타마리아노벨라,99.69999999999999,66,34
865,0.1171020588235294,세르주루텐향수,향수,세르주루텐,6.2,-40,-4
866,0.14592054054054052,아쿠아디파르마향수,향수,아쿠아디파르마,66.1,107,60
867,0.09011933333333332,아틀리에코롱향수,향수,아틀리에코롱,387.3999999999999,-530,40
868,8.989508648648648,안나수이향수,향수,안나수이,328.5000000000001,9130,212
869,0.006069999999999999,에르바리오토스카노향수,향수,에르바리오토스카노,4.1000000000000005,-60,-4
870,0.3881448648648648,에트로향수,향수,에트로,1.0,-26,-2
871,2.0606194594594593,엘리자베스아덴향수,향수,엘리자베스아덴,757.5000000000001,17144,504
872,0.06886216216216216,조말론런던향수,향수,조말론런던,2228.9000000000005,-6753,430
873,2.0307767567567567,캘빈클라인향수,향수,캘빈클라인,309.80000000000007,27844,265
874,7.974870000000002,크리드향수,향수,크리드,42.60000000000001,39,25
875,0.027073055555555555,클라란스향수,향수,클라란스,6.0,-43,-4
876,2.2338386486486486,키엘향수,향수,키엘,115.8,-482,-3
877,0.007360645161290321,탄향수,향수,탄,103.80000000000001,105,50
878,3.719536756756757,펜할리곤스향수,향수,펜할리곤스,9.5,-28,4
879,1.8114140540540542,폴스미스향수,향수,폴스미스,92.89999999999999,3430,119
880,3.7706405405405397,프라다향수,향수,프라다,75.7,9176,76
881,0.06521162162162163,프레데릭말향수,향수,프레데릭말,36.8,-271,-20
882,3.4651359459459457,프레쉬향수,향수,프레쉬,282.20000000000016,-532,108
883,35.74155567567568,샤넬향수,향수,샤넬,1301.3999999999996,-4911,-54
884,0.6658970270270271,게스향수,향수,게스,15.899999999999999,4163,39
885,7.359708378378379,겐조향수,향수,겐조,284.0,16389,170
886,11.526613243243245,끌로에향수,향수,끌로에,151.0,3627,86
887,11.897404864864866,마크제이콥스향수,향수,마크제이콥스,195.49999999999997,12849,156
888,7.822980810810807,몽블랑향수,향수,몽블랑,142.7,4689,95
889,2.264405675675676,발렌티노향수,향수,발렌티노,10.9,1579,9
890,0.1402781081081081,엠포리오아르마니향수,향수,엠포리오아르마니,4.7,228,2
891,6.403042432432431,입생로랑향수,향수,입생로랑,310.09999999999997,-921,97
892,1.4107116216216218,조르지오아르마니향수,향수,조르지오아르마니,67.7,-352,-16
893,,츄파춥스뷰티향수,향수,츄파춥스뷰티,1.8,-3,2
894,0.09324297297297297,크리니크향수,향수,크리니크,6.6,-95,-8
895,5.532628378378378,톰포드향수,향수,톰포드,13.0,-71,-4
896,3.2367321621621628,페라가모향수,향수,페라가모,248.40000000000003,19825,202
897,2.3325056756756757,겔랑향수,향수,겔랑,71.00000000000001,93,22
898,0.017997692307692305,라비오뜨향수,향수,라비오뜨,0.5,-5,0
899,12.880820810810809,랑방향수,향수,랑방,730.5000000000007,17152,438
900,3.3665802702702705,랑콤향수,향수,랑콤,237.9,-85,71
901,0.7632694594594595,레페토향수,향수,레페토,2.8,4,2
902,0.2537143243243242,리리코스향수,향수,리리코스,2.7,36,0
903,1.1538162162162162,미우미우향수,향수,미우미우,12.4,-22,4
904,0.14129567567567566,바비브라운향수,향수,바비브라운,0.5,-1,-1
905,1.4153370270270271,발망향수,향수,발망,3.4000000000000004,316,5
906,1.4114491891891892,시슬리향수,향수,시슬리,9.4,-23,1
907,1.9407883783783781,아닉구딸향수,향수,아닉구딸,35.2,-123,14
908,0.8341694594594594,에스쁘아향수,향수,에스쁘아,0.6,-14,-1
909,2.2505710810810813,에스티로더향수,향수,에스티로더,128.8,96,34
910,0.9095476470588234,에어린향수,향수,에어린,31.8,-102,2
911,0.023851111111111115,엘르향수,향수,엘르,14.4,3075,18
912,0.4178064864864865,제이에스티나향수,향수,제이에스티나,1.2,544,6
913,0.7659021621621622,질스튜어트향수,향수,질스튜어트,3.4000000000000004,-43,-1
914,1.1134972972972972,코치향수,향수,코치,16.6,74,24
915,0.37920054054054053,토리버치향수,향수,토리버치,3.9,-56,-3
916,1.0616400000000001,필로소피향수,향수,필로소피,28.2,-265,-1
917,2.7824316216216216,헤라향수,향수,헤라,103.4,92,45
